2026-10-06	PTC	급등 분석	Schneider Electric 인수
2026-10-06	NKE	하락 분석	FY27 가이던스 하회
2026-10-06	MRVL	변동성 주의	인베스터 데이
2026-10-06	USDKRW	환율 브리핑	14개월 만의 1,340원대, 원화 강세 이유
2026-10-06	SPY/VOO/IVV/SPYM	ETF 비교	S&P500 ETF 4종 수수료 비교
2026-10-06	SPCX	급등 분석	발사 3건·가스 파이프라인 보도·MS 목표가로 +7%
2026-10-06	US10Y	금리 브리핑	미 10년물 2002년 이후 최고 5.34%대
2026-10-06	SCHD/JEPI	ETF 비교	배당성장 vs 커버드콜 월배당 구조 비교
2026-10-06	TSLA	주목 종목	3분기 인도량 예상 상회, 10/21 실적 앞두고 반등
2026-10-07	CEG	급등 분석	구글 20년 원전 전력 계약(890MW)으로 +12.2%
2026-10-07	JPY	환율 브리핑	일본 금리 1.25%에도 엔·달러 158엔대, 100엔 850원 안팎
2026-10-07	NLR/URA	테마 ETF	원자력 ETF 비교: 원전 운영 중심 vs 우라늄 채굴 중심
2026-10-09	ORCL	하락 분석	FT 오픈AI 매출 500억 달러 보도에 -5.5%, 한 달 -16.5%
2026-10-09	OIL	원자재 브리핑	호르무즈 유조선 공격·허리케인에 브렌트유 104달러(+4%)
2026-10-09	SMH/SOXX	ETF 비교	반도체 ETF 비교: 엔비디아 비중 19.4% vs 7.5%
2026-10-08	BULL	급락 분석	미 하원 중국특위 "중국과 구조적 연결" 보고서에 -19.1%
2026-10-08	BRENT	원자재 브리핑	IEA 경유 우선 방출 vs 중동 공격, 브렌트 100달러선 공방
2026-10-08	GLD/IAU/GLDM/KRX금현물	ETF 비교	금값 두 달 최저권, 금 ETF 4종 보수·세금 비교
